insert into mars.sys_config (id, config_name, config_key, config_value, config_type, is_frontend, remark, create_by, update_by, created_at, updated_at, deleted_at) values (1, '皮肤样式', 'sys_index_skinName', 'skin-blue', 'Y', '0', '主框架页-默认皮肤样式名称:蓝色 skin-blue、绿色 skin-green、紫色 skin-purple、红色 skin-red、黄色 skin-yellow', 1, 1, '2021-05-13 19:56:37.913', '2022-02-11 15:04:30.562', null);
insert into mars.sys_config (id, config_name, config_key, config_value, config_type, is_frontend, remark, create_by, update_by, created_at, updated_at, deleted_at) values (2, '初始密码', 'sys_user_initPassword', '123456', 'Y', '0', '用户管理-账号初始密码:123456', 1, 1, '2021-05-13 19:56:37.913', '2021-05-13 19:56:37.913', null);
insert into mars.sys_config (id, config_name, config_key, config_value, config_type, is_frontend, remark, create_by, update_by, created_at, updated_at, deleted_at) values (3, '侧栏主题', 'sys_index_sideTheme', 'theme-dark', 'Y', '0', '主框架页-侧边栏主题:深色主题theme-dark，浅色主题theme-light', 1, 1, '2021-05-13 19:56:37.913', '2021-05-13 19:56:37.913', null);
insert into mars.sys_config (id, config_name, config_key, config_value, config_type, is_frontend, remark, create_by, update_by, created_at, updated_at, deleted_at) values (4, '系统名称', 'sys_app_name', 'mars轻量云平台', 'Y', '1', '', 1, 0, '2021-03-17 08:52:06.067', '2022-01-21 11:29:32.898', null);
insert into mars.sys_config (id, config_name, config_key, config_value, config_type, is_frontend, remark, create_by, update_by, created_at, updated_at, deleted_at) values (5, '系统logo', 'sys_app_logo', 'https://gitee.com/mydearzwj/image/raw/master/img/go-admin.png', 'Y', '1', '', 1, 0, '2021-03-17 08:53:19.462', '2021-03-17 08:53:19.462', null);
insert into mars.sys_dept (dept_id, parent_id, dept_path, dept_name, sort, leader, phone, email, status, create_by, update_by, created_at, updated_at, deleted_at) values (1, 0, '/0/1/', '麒麟软件', 0, 'aituo', '13782218188', 'atuo@aituo.com', 2, 1, 1, '2021-05-13 19:56:37.913', '2022-01-21 10:38:55.612', null);
insert into mars.sys_dept (dept_id, parent_id, dept_path, dept_name, sort, leader, phone, email, status, create_by, update_by, created_at, updated_at, deleted_at) values (7, 1, '/0/1/7/', '研发部', 1, 'aituo', '13782218188', 'atuo@aituo.com', 2, 1, 1, '2021-05-13 19:56:37.913', '2021-06-16 21:35:00.109', null);
insert into mars.sys_dept (dept_id, parent_id, dept_path, dept_name, sort, leader, phone, email, status, create_by, update_by, created_at, updated_at, deleted_at) values (8, 1, '/0/1/8/', '运维部', 0, 'aituo', '13782218188', 'atuo@aituo.com', 2, 1, 1, '2021-05-13 19:56:37.913', '2021-06-16 21:41:39.747', null);
insert into mars.sys_dept (dept_id, parent_id, dept_path, dept_name, sort, leader, phone, email, status, create_by, update_by, created_at, updated_at, deleted_at) values (9, 1, '/0/1/9/', '客服部', 0, 'aituo', '13782218188', 'atuo@aituo.com', 2, 1, 1, '2021-05-13 19:56:37.913', '2021-06-05 17:07:05.993', '2022-01-21 10:17:34.686');
insert into mars.sys_dept (dept_id, parent_id, dept_path, dept_name, sort, leader, phone, email, status, create_by, update_by, created_at, updated_at, deleted_at) values (10, 1, '/0/1/10/', '人力资源', 3, 'aituo', '13782218188', 'atuo@aituo.com', 1, 1, 1, '2021-05-13 19:56:37.913', '2021-06-05 17:07:08.503', '2022-01-21 10:17:32.419');
insert into mars.sys_dept (dept_id, parent_id, dept_path, dept_name, sort, leader, phone, email, status, create_by, update_by, created_at, updated_at, deleted_at) values (11, 1, '/0/1/11/', '麒麟云', 10, '张三', '', '', 2, 0, 0, '2022-01-21 10:39:29.554', '2022-01-21 10:39:29.555', null);
insert into mars.sys_dict_data (dict_code, dict_sort, dict_label, dict_value, dict_type, css_class, list_class, is_default, status, `default`, remark, create_by, update_by, created_at, updated_at, deleted_at) values (1, 0, '正常', '2', 'sys_normal_disable', '', '', '', 2, '', '系统正常', 1, 1, '2021-05-13 19:56:37.914', '2021-05-13 19:56:40.168', null);
insert into mars.sys_dict_data (dict_code, dict_sort, dict_label, dict_value, dict_type, css_class, list_class, is_default, status, `default`, remark, create_by, update_by, created_at, updated_at, deleted_at) values (2, 0, '停用', '1', 'sys_normal_disable', '', '', '', 2, '', '系统停用', 1, 1, '2021-05-13 19:56:37.914', '2021-05-13 19:56:37.914', null);
insert into mars.sys_dict_data (dict_code, dict_sort, dict_label, dict_value, dict_type, css_class, list_class, is_default, status, `default`, remark, create_by, update_by, created_at, updated_at, deleted_at) values (3, 0, '男', '0', 'sys_user_sex', '', '', '', 2, '', '性别男', 1, 1, '2021-05-13 19:56:37.914', '2021-05-13 19:56:37.914', null);
insert into mars.sys_dict_data (dict_code, dict_sort, dict_label, dict_value, dict_type, css_class, list_class, is_default, status, `default`, remark, create_by, update_by, created_at, updated_at, deleted_at) values (4, 0, '女', '1', 'sys_user_sex', '', '', '', 2, '', '性别女', 1, 1, '2021-05-13 19:56:37.914', '2021-05-13 19:56:37.914', null);
insert into mars.sys_dict_data (dict_code, dict_sort, dict_label, dict_value, dict_type, css_class, list_class, is_default, status, `default`, remark, create_by, update_by, created_at, updated_at, deleted_at) values (5, 0, '未知', '2', 'sys_user_sex', '', '', '', 2, '', '性别未知', 1, 1, '2021-05-13 19:56:37.914', '2021-05-13 19:56:37.914', null);
insert into mars.sys_dict_data (dict_code, dict_sort, dict_label, dict_value, dict_type, css_class, list_class, is_default, status, `default`, remark, create_by, update_by, created_at, updated_at, deleted_at) values (6, 0, '显示', '0', 'sys_show_hide', '', '', '', 2, '', '显示菜单', 1, 1, '2021-05-13 19:56:37.914', '2021-05-13 19:56:37.914', null);
insert into mars.sys_dict_data (dict_code, dict_sort, dict_label, dict_value, dict_type, css_class, list_class, is_default, status, `default`, remark, create_by, update_by, created_at, updated_at, deleted_at) values (7, 0, '隐藏', '1', 'sys_show_hide', '', '', '', 2, '', '隐藏菜单', 1, 1, '2021-05-13 19:56:37.914', '2021-05-13 19:56:37.914', null);
insert into mars.sys_dict_data (dict_code, dict_sort, dict_label, dict_value, dict_type, css_class, list_class, is_default, status, `default`, remark, create_by, update_by, created_at, updated_at, deleted_at) values (8, 0, '是', 'Y', 'sys_yes_no', '', '', '', 2, '', '系统默认是', 1, 1, '2021-05-13 19:56:37.914', '2021-05-13 19:56:37.914', null);
insert into mars.sys_dict_data (dict_code, dict_sort, dict_label, dict_value, dict_type, css_class, list_class, is_default, status, `default`, remark, create_by, update_by, created_at, updated_at, deleted_at) values (9, 0, '否', 'N', 'sys_yes_no', '', '', '', 2, '', '系统默认否', 1, 1, '2021-05-13 19:56:37.914', '2021-05-13 19:56:37.914', null);
insert into mars.sys_dict_data (dict_code, dict_sort, dict_label, dict_value, dict_type, css_class, list_class, is_default, status, `default`, remark, create_by, update_by, created_at, updated_at, deleted_at) values (10, 0, '正常', '2', 'sys_job_status', '', '', '', 2, '', '正常状态', 1, 1, '2021-05-13 19:56:37.914', '2021-05-13 19:56:37.914', null);
insert into mars.sys_dict_data (dict_code, dict_sort, dict_label, dict_value, dict_type, css_class, list_class, is_default, status, `default`, remark, create_by, update_by, created_at, updated_at, deleted_at) values (11, 0, '停用', '1', 'sys_job_status', '', '', '', 2, '', '停用状态', 1, 1, '2021-05-13 19:56:37.914', '2021-05-13 19:56:37.914', null);
insert into mars.sys_dict_data (dict_code, dict_sort, dict_label, dict_value, dict_type, css_class, list_class, is_default, status, `default`, remark, create_by, update_by, created_at, updated_at, deleted_at) values (12, 0, '默认', 'DEFAULT', 'sys_job_group', '', '', '', 2, '', '默认分组', 1, 1, '2021-05-13 19:56:37.914', '2021-05-13 19:56:37.914', null);
insert into mars.sys_dict_data (dict_code, dict_sort, dict_label, dict_value, dict_type, css_class, list_class, is_default, status, `default`, remark, create_by, update_by, created_at, updated_at, deleted_at) values (13, 0, '系统', 'SYSTEM', 'sys_job_group', '', '', '', 2, '', '系统分组', 1, 1, '2021-05-13 19:56:37.914', '2021-05-13 19:56:37.914', null);
insert into mars.sys_dict_data (dict_code, dict_sort, dict_label, dict_value, dict_type, css_class, list_class, is_default, status, `default`, remark, create_by, update_by, created_at, updated_at, deleted_at) values (14, 0, '通知', '1', 'sys_notice_type', '', '', '', 2, '', '通知', 1, 1, '2021-05-13 19:56:37.914', '2021-05-13 19:56:37.914', null);
insert into mars.sys_dict_data (dict_code, dict_sort, dict_label, dict_value, dict_type, css_class, list_class, is_default, status, `default`, remark, create_by, update_by, created_at, updated_at, deleted_at) values (15, 0, '公告', '2', 'sys_notice_type', '', '', '', 2, '', '公告', 1, 1, '2021-05-13 19:56:37.914', '2021-05-13 19:56:37.914', null);
insert into mars.sys_dict_data (dict_code, dict_sort, dict_label, dict_value, dict_type, css_class, list_class, is_default, status, `default`, remark, create_by, update_by, created_at, updated_at, deleted_at) values (16, 0, '正常', '2', 'sys_common_status', '', '', '', 2, '', '正常状态', 1, 1, '2021-05-13 19:56:37.914', '2021-05-13 19:56:37.914', null);
insert into mars.sys_dict_data (dict_code, dict_sort, dict_label, dict_value, dict_type, css_class, list_class, is_default, status, `default`, remark, create_by, update_by, created_at, updated_at, deleted_at) values (17, 0, '关闭', '1', 'sys_common_status', '', '', '', 2, '', '关闭状态', 1, 1, '2021-05-13 19:56:37.914', '2021-05-13 19:56:37.914', null);
insert into mars.sys_dict_data (dict_code, dict_sort, dict_label, dict_value, dict_type, css_class, list_class, is_default, status, `default`, remark, create_by, update_by, created_at, updated_at, deleted_at) values (18, 0, '新增', '1', 'sys_oper_type', '', '', '', 2, '', '新增操作', 1, 1, '2021-05-13 19:56:37.914', '2021-05-13 19:56:37.914', null);
insert into mars.sys_dict_data (dict_code, dict_sort, dict_label, dict_value, dict_type, css_class, list_class, is_default, status, `default`, remark, create_by, update_by, created_at, updated_at, deleted_at) values (19, 0, '修改', '2', 'sys_oper_type', '', '', '', 2, '', '修改操作', 1, 1, '2021-05-13 19:56:37.914', '2021-05-13 19:56:37.914', null);
insert into mars.sys_dict_data (dict_code, dict_sort, dict_label, dict_value, dict_type, css_class, list_class, is_default, status, `default`, remark, create_by, update_by, created_at, updated_at, deleted_at) values (20, 0, '删除', '3', 'sys_oper_type', '', '', '', 2, '', '删除操作', 1, 1, '2021-05-13 19:56:37.914', '2021-05-13 19:56:37.914', null);
insert into mars.sys_dict_data (dict_code, dict_sort, dict_label, dict_value, dict_type, css_class, list_class, is_default, status, `default`, remark, create_by, update_by, created_at, updated_at, deleted_at) values (21, 0, '授权', '4', 'sys_oper_type', '', '', '', 2, '', '授权操作', 1, 1, '2021-05-13 19:56:37.914', '2021-05-13 19:56:37.914', null);
insert into mars.sys_dict_data (dict_code, dict_sort, dict_label, dict_value, dict_type, css_class, list_class, is_default, status, `default`, remark, create_by, update_by, created_at, updated_at, deleted_at) values (22, 0, '导出', '5', 'sys_oper_type', '', '', '', 2, '', '导出操作', 1, 1, '2021-05-13 19:56:37.914', '2021-05-13 19:56:37.914', null);
insert into mars.sys_dict_data (dict_code, dict_sort, dict_label, dict_value, dict_type, css_class, list_class, is_default, status, `default`, remark, create_by, update_by, created_at, updated_at, deleted_at) values (23, 0, '导入', '6', 'sys_oper_type', '', '', '', 2, '', '导入操作', 1, 1, '2021-05-13 19:56:37.914', '2021-05-13 19:56:37.914', null);
insert into mars.sys_dict_data (dict_code, dict_sort, dict_label, dict_value, dict_type, css_class, list_class, is_default, status, `default`, remark, create_by, update_by, created_at, updated_at, deleted_at) values (24, 0, '强退', '7', 'sys_oper_type', '', '', '', 2, '', '强退操作', 1, 1, '2021-05-13 19:56:37.914', '2021-05-13 19:56:37.914', null);
insert into mars.sys_dict_data (dict_code, dict_sort, dict_label, dict_value, dict_type, css_class, list_class, is_default, status, `default`, remark, create_by, update_by, created_at, updated_at, deleted_at) values (25, 0, '生成代码', '8', 'sys_oper_type', '', '', '', 2, '', '生成操作', 1, 1, '2021-05-13 19:56:37.914', '2021-05-13 19:56:37.914', null);
insert into mars.sys_dict_data (dict_code, dict_sort, dict_label, dict_value, dict_type, css_class, list_class, is_default, status, `default`, remark, create_by, update_by, created_at, updated_at, deleted_at) values (26, 0, '清空数据', '9', 'sys_oper_type', '', '', '', 2, '', '清空操作', 1, 1, '2021-05-13 19:56:37.914', '2021-05-13 19:56:37.914', null);
insert into mars.sys_dict_data (dict_code, dict_sort, dict_label, dict_value, dict_type, css_class, list_class, is_default, status, `default`, remark, create_by, update_by, created_at, updated_at, deleted_at) values (27, 0, '成功', '0', 'sys_notice_status', '', '', '', 2, '', '成功状态', 1, 1, '2021-05-13 19:56:37.914', '2021-05-13 19:56:37.914', null);
insert into mars.sys_dict_data (dict_code, dict_sort, dict_label, dict_value, dict_type, css_class, list_class, is_default, status, `default`, remark, create_by, update_by, created_at, updated_at, deleted_at) values (28, 0, '失败', '1', 'sys_notice_status', '', '', '', 2, '', '失败状态', 1, 1, '2021-05-13 19:56:37.914', '2021-05-13 19:56:37.914', null);
insert into mars.sys_dict_data (dict_code, dict_sort, dict_label, dict_value, dict_type, css_class, list_class, is_default, status, `default`, remark, create_by, update_by, created_at, updated_at, deleted_at) values (29, 0, '登录', '10', 'sys_oper_type', '', '', '', 2, '', '登录操作', 1, 1, '2021-05-13 19:56:37.914', '2021-05-13 19:56:37.914', null);
insert into mars.sys_dict_data (dict_code, dict_sort, dict_label, dict_value, dict_type, css_class, list_class, is_default, status, `default`, remark, create_by, update_by, created_at, updated_at, deleted_at) values (30, 0, '退出', '11', 'sys_oper_type', '', '', '', 2, '', '', 1, 1, '2021-05-13 19:56:37.914', '2021-05-13 19:56:37.914', null);
insert into mars.sys_dict_data (dict_code, dict_sort, dict_label, dict_value, dict_type, css_class, list_class, is_default, status, `default`, remark, create_by, update_by, created_at, updated_at, deleted_at) values (31, 0, '获取验证码', '12', 'sys_oper_type', '', '', '', 2, '', '获取验证码', 1, 1, '2021-05-13 19:56:37.914', '2021-05-13 19:56:37.914', null);
insert into mars.sys_dict_data (dict_code, dict_sort, dict_label, dict_value, dict_type, css_class, list_class, is_default, status, `default`, remark, create_by, update_by, created_at, updated_at, deleted_at) values (32, 0, '正常', '1', 'sys_content_status', '', '', '', 1, '', '', 1, 1, '2021-05-13 19:56:40.845', '2021-05-13 19:56:40.845', null);
insert into mars.sys_dict_data (dict_code, dict_sort, dict_label, dict_value, dict_type, css_class, list_class, is_default, status, `default`, remark, create_by, update_by, created_at, updated_at, deleted_at) values (33, 1, '禁用', '2', 'sys_content_status', '', '', '', 1, '', '', 1, 1, '2021-05-13 19:56:40.845', '2021-05-13 19:56:40.845', null);
insert into mars.sys_dict_data (dict_code, dict_sort, dict_label, dict_value, dict_type, css_class, list_class, is_default, status, `default`, remark, create_by, update_by, created_at, updated_at, deleted_at) values (34, 0, '不男不女', '4', 'sys_user_sex', '', '', '', 2, '', '', 0, 0, '2022-01-21 11:08:12.851', '2022-01-21 11:08:12.851', '2022-01-21 11:08:20.254');
insert into mars.sys_dict_data (dict_code, dict_sort, dict_label, dict_value, dict_type, css_class, list_class, is_default, status, `default`, remark, create_by, update_by, created_at, updated_at, deleted_at) values (35, 0, '1核', '1', 'cloud_cpu_num', '', '', '', 2, '', '', 0, 0, '2022-03-03 16:29:40.835', '2022-03-03 16:29:40.835', null);
insert into mars.sys_dict_data (dict_code, dict_sort, dict_label, dict_value, dict_type, css_class, list_class, is_default, status, `default`, remark, create_by, update_by, created_at, updated_at, deleted_at) values (36, 0, '2核', '2', 'cloud_cpu_num', '', '', '', 2, '', '', 0, 0, '2022-03-03 16:29:58.958', '2022-03-03 16:29:58.958', null);
insert into mars.sys_dict_data (dict_code, dict_sort, dict_label, dict_value, dict_type, css_class, list_class, is_default, status, `default`, remark, create_by, update_by, created_at, updated_at, deleted_at) values (37, 0, '4核', '4', 'cloud_cpu_num', '', '', '', 2, '', '', 0, 0, '2022-03-03 16:30:05.497', '2022-03-03 16:30:05.497', null);
insert into mars.sys_dict_data (dict_code, dict_sort, dict_label, dict_value, dict_type, css_class, list_class, is_default, status, `default`, remark, create_by, update_by, created_at, updated_at, deleted_at) values (38, 0, '8核', '8', 'cloud_cpu_num', '', '', '', 2, '', '', 0, 0, '2022-03-03 16:30:18.527', '2022-03-03 16:30:18.527', null);
insert into mars.sys_dict_data (dict_code, dict_sort, dict_label, dict_value, dict_type, css_class, list_class, is_default, status, `default`, remark, create_by, update_by, created_at, updated_at, deleted_at) values (39, 0, '1GB', '1', 'cloud_domain_memory', '', '', '', 2, '', '', 0, 0, '2022-03-03 16:44:55.007', '2022-03-03 16:44:55.007', null);
insert into mars.sys_dict_data (dict_code, dict_sort, dict_label, dict_value, dict_type, css_class, list_class, is_default, status, `default`, remark, create_by, update_by, created_at, updated_at, deleted_at) values (40, 0, '2GB', '2', 'cloud_domain_memory', '', '', '', 2, '', '', 0, 0, '2022-03-03 16:45:05.783', '2022-03-03 16:45:05.783', null);
insert into mars.sys_dict_data (dict_code, dict_sort, dict_label, dict_value, dict_type, css_class, list_class, is_default, status, `default`, remark, create_by, update_by, created_at, updated_at, deleted_at) values (41, 0, '4GB', '4', 'cloud_domain_memory', '', '', '', 2, '', '', 0, 0, '2022-03-03 16:45:13.936', '2022-03-03 16:45:13.936', null);
insert into mars.sys_dict_data (dict_code, dict_sort, dict_label, dict_value, dict_type, css_class, list_class, is_default, status, `default`, remark, create_by, update_by, created_at, updated_at, deleted_at) values (42, 0, '8GB', '8', 'cloud_domain_memory', '', '', '', 2, '', '', 0, 0, '2022-03-03 16:45:27.405', '2022-03-03 16:45:27.405', null);
insert into mars.sys_dict_data (dict_code, dict_sort, dict_label, dict_value, dict_type, css_class, list_class, is_default, status, `default`, remark, create_by, update_by, created_at, updated_at, deleted_at) values (43, 0, '16GB', '16', 'cloud_domain_memory', '', '', '', 2, '', '', 0, 0, '2022-03-03 16:47:49.093', '2022-03-03 16:47:49.093', null);
insert into mars.sys_dict_type (dict_id, dict_name, dict_type, status, remark, create_by, update_by, created_at, updated_at, deleted_at) values (1, '系统开关', 'sys_normal_disable', 2, '系统开关列表', 1, 1, '2021-05-13 19:56:37.914', '2022-01-21 11:39:59.312', null);
insert into mars.sys_dict_type (dict_id, dict_name, dict_type, status, remark, create_by, update_by, created_at, updated_at, deleted_at) values (2, '用户性别', 'sys_user_sex', 2, '用户性别列表', 1, 1, '2021-05-13 19:56:37.914', '2021-05-13 19:56:37.914', null);
insert into mars.sys_dict_type (dict_id, dict_name, dict_type, status, remark, create_by, update_by, created_at, updated_at, deleted_at) values (3, '菜单状态', 'sys_show_hide', 2, '菜单状态列表', 1, 1, '2021-05-13 19:56:37.914', '2021-05-13 19:56:37.914', null);
insert into mars.sys_dict_type (dict_id, dict_name, dict_type, status, remark, create_by, update_by, created_at, updated_at, deleted_at) values (4, '系统是否', 'sys_yes_no', 2, '系统是否列表', 1, 1, '2021-05-13 19:56:37.914', '2021-05-13 19:56:37.914', null);
insert into mars.sys_dict_type (dict_id, dict_name, dict_type, status, remark, create_by, update_by, created_at, updated_at, deleted_at) values (5, '任务状态', 'sys_job_status', 2, '任务状态列表', 1, 1, '2021-05-13 19:56:37.914', '2021-05-13 19:56:37.914', null);
insert into mars.sys_dict_type (dict_id, dict_name, dict_type, status, remark, create_by, update_by, created_at, updated_at, deleted_at) values (6, '任务分组', 'sys_job_group', 2, '任务分组列表', 1, 1, '2021-05-13 19:56:37.914', '2021-05-13 19:56:37.914', null);
insert into mars.sys_dict_type (dict_id, dict_name, dict_type, status, remark, create_by, update_by, created_at, updated_at, deleted_at) values (7, '通知类型', 'sys_notice_type', 2, '通知类型列表', 1, 1, '2021-05-13 19:56:37.914', '2021-05-13 19:56:37.914', null);
insert into mars.sys_dict_type (dict_id, dict_name, dict_type, status, remark, create_by, update_by, created_at, updated_at, deleted_at) values (8, '系统状态', 'sys_common_status', 2, '登录状态列表', 1, 1, '2021-05-13 19:56:37.914', '2021-05-13 19:56:37.914', null);
insert into mars.sys_dict_type (dict_id, dict_name, dict_type, status, remark, create_by, update_by, created_at, updated_at, deleted_at) values (9, '操作类型', 'sys_oper_type', 2, '操作类型列表', 1, 1, '2021-05-13 19:56:37.914', '2021-05-13 19:56:37.914', null);
insert into mars.sys_dict_type (dict_id, dict_name, dict_type, status, remark, create_by, update_by, created_at, updated_at, deleted_at) values (10, '通知状态', 'sys_notice_status', 2, '通知状态列表', 1, 1, '2021-05-13 19:56:37.914', '2021-05-13 19:56:37.914', null);
insert into mars.sys_dict_type (dict_id, dict_name, dict_type, status, remark, create_by, update_by, created_at, updated_at, deleted_at) values (11, '内容状态', 'sys_content_status', 2, '', 1, 1, '2021-05-13 19:56:40.813', '2021-05-13 19:56:40.813', null);
insert into mars.sys_dict_type (dict_id, dict_name, dict_type, status, remark, create_by, update_by, created_at, updated_at, deleted_at) values (12, '测试', 'test', 2, '', 0, 0, '2022-01-21 10:57:43.655', '2022-01-21 10:57:43.655', '2022-01-21 10:57:52.657');
insert into mars.sys_dict_type (dict_id, dict_name, dict_type, status, remark, create_by, update_by, created_at, updated_at, deleted_at) values (13, 'CPU核心数', 'cloud_cpu_num', 2, 'CPU核心数列表', 0, 0, '2022-03-03 16:29:06.965', '2022-03-03 16:29:06.965', null);
insert into mars.sys_dict_type (dict_id, dict_name, dict_type, status, remark, create_by, update_by, created_at, updated_at, deleted_at) values (14, '云主机内存', 'cloud_domain_memory', 2, '云主机内存列表', 0, 0, '2022-03-03 16:44:31.457', '2022-03-03 16:44:31.457', null);
insert into mars.sys_menu (menu_id, menu_name, title, icon, path, paths, menu_type, action, permission, parent_id, no_cache, breadcrumb, component, sort, visible, is_frame, create_by, update_by, created_at, updated_at, deleted_at) values (2, 'Admin', '系统管理', 'api-server', '/admin', '/0/2', 'M', '无', '', 0, 1, '', 'Layout', 10, '0', '1', 0, 1, '2021-05-20 21:58:45.679', '2021-06-17 11:48:40.703', null);
insert into mars.sys_menu (menu_id, menu_name, title, icon, path, paths, menu_type, action, permission, parent_id, no_cache, breadcrumb, component, sort, visible, is_frame, create_by, update_by, created_at, updated_at, deleted_at) values (3, 'SysUserManage', '用户管理', 'user', '/admin/sys-user', '/0/2/3', 'C', '无', 'admin:sysUser:list', 2, 0, '', '/admin/sys-user/index', 10, '0', '1', 0, 1, '2021-05-20 22:08:44.526', '2021-06-17 20:31:14.305', null);
insert into mars.sys_menu (menu_id, menu_name, title, icon, path, paths, menu_type, action, permission, parent_id, no_cache, breadcrumb, component, sort, visible, is_frame, create_by, update_by, created_at, updated_at, deleted_at) values (43, '', '新增管理员', 'app-group-fill', '', '/0/2/3/43', 'F', 'POST', 'admin:sysUser:add', 3, 0, '', '', 10, '0', '1', 0, 1, '2021-05-20 22:08:44.526', '2021-06-17 20:31:14.305', null);
insert into mars.sys_menu (menu_id, menu_name, title, icon, path, paths, menu_type, action, permission, parent_id, no_cache, breadcrumb, component, sort, visible, is_frame, create_by, update_by, created_at, updated_at, deleted_at) values (44, '', '查询管理员', 'app-group-fill', '', '/0/2/3/44', 'F', 'GET', 'admin:sysUser:query', 3, 0, '', '', 40, '0', '1', 0, 1, '2021-05-20 22:08:44.526', '2021-06-17 20:31:14.305', null);
insert into mars.sys_menu (menu_id, menu_name, title, icon, path, paths, menu_type, action, permission, parent_id, no_cache, breadcrumb, component, sort, visible, is_frame, create_by, update_by, created_at, updated_at, deleted_at) values (45, '', '修改管理员', 'app-group-fill', '', '/0/2/3/45', 'F', 'PUT', 'admin:sysUser:edit', 3, 0, '', '', 30, '0', '1', 0, 1, '2021-05-20 22:08:44.526', '2021-06-17 20:31:14.305', null);
insert into mars.sys_menu (menu_id, menu_name, title, icon, path, paths, menu_type, action, permission, parent_id, no_cache, breadcrumb, component, sort, visible, is_frame, create_by, update_by, created_at, updated_at, deleted_at) values (46, '', '删除管理员', 'app-group-fill', '', '/0/2/3/46', 'F', 'DELETE', 'admin:sysUser:remove', 3, 0, '', '', 20, '0', '1', 0, 1, '2021-05-20 22:08:44.526', '2021-06-17 20:31:14.305', null);
insert into mars.sys_menu (menu_id, menu_name, title, icon, path, paths, menu_type, action, permission, parent_id, no_cache, breadcrumb, component, sort, visible, is_frame, create_by, update_by, created_at, updated_at, deleted_at) values (51, 'SysMenuManage', '菜单管理', 'tree-table', '/admin/sys-menu', '/0/2/51', 'C', '无', 'admin:sysMenu:list', 2, 1, '', '/admin/sys-menu/index', 30, '0', '1', 0, 1, '2021-05-20 22:08:44.526', '2021-06-17 11:48:40.703', null);
insert into mars.sys_menu (menu_id, menu_name, title, icon, path, paths, menu_type, action, permission, parent_id, no_cache, breadcrumb, component, sort, visible, is_frame, create_by, update_by, created_at, updated_at, deleted_at) values (52, 'SysRoleManage', '角色管理', 'peoples', '/admin/sys-role', '/0/2/52', 'C', '无', 'admin:sysRole:list', 2, 1, '', '/admin/sys-role/index', 20, '0', '1', 0, 1, '2021-05-20 22:08:44.526', '2021-06-17 11:48:40.703', null);
insert into mars.sys_menu (menu_id, menu_name, title, icon, path, paths, menu_type, action, permission, parent_id, no_cache, breadcrumb, component, sort, visible, is_frame, create_by, update_by, created_at, updated_at, deleted_at) values (56, 'SysDeptManage', '部门管理', 'tree', '/admin/sys-dept', '/0/2/56', 'C', '无', 'admin:sysDept:list', 2, 0, '', '/admin/sys-dept/index', 40, '0', '1', 0, 1, '2021-05-20 22:08:44.526', '2021-06-17 11:48:40.703', null);
insert into mars.sys_menu (menu_id, menu_name, title, icon, path, paths, menu_type, action, permission, parent_id, no_cache, breadcrumb, component, sort, visible, is_frame, create_by, update_by, created_at, updated_at, deleted_at) values (57, 'SysPostManage', '岗位管理', 'pass', '/admin/sys-post', '/0/2/57', 'C', '无', 'admin:sysPost:list', 2, 0, '', '/admin/sys-post/index', 50, '0', '1', 0, 1, '2021-05-20 22:08:44.526', '2021-06-17 11:48:40.703', null);
insert into mars.sys_menu (menu_id, menu_name, title, icon, path, paths, menu_type, action, permission, parent_id, no_cache, breadcrumb, component, sort, visible, is_frame, create_by, update_by, created_at, updated_at, deleted_at) values (58, 'Dict', '字典管理', 'education', '/admin/dict', '/0/2/58', 'C', '无', 'admin:sysDictType:list', 2, 0, '', '/admin/dict/index', 60, '0', '1', 0, 1, '2021-05-20 22:08:44.526', '2021-06-17 11:48:40.703', null);
insert into mars.sys_menu (menu_id, menu_name, title, icon, path, paths, menu_type, action, permission, parent_id, no_cache, breadcrumb, component, sort, visible, is_frame, create_by, update_by, created_at, updated_at, deleted_at) values (59, 'SysDictDataManage', '字典数据', 'education', '/admin/dict/data/:dictId', '/0/2/59', 'C', '无', 'admin:sysDictData:list', 2, 0, '', '/admin/dict/data', 100, '1', '1', 0, 1, '2021-05-20 22:08:44.526', '2021-06-17 11:48:40.703', null);
insert into mars.sys_menu (menu_id, menu_name, title, icon, path, paths, menu_type, action, permission, parent_id, no_cache, breadcrumb, component, sort, visible, is_frame, create_by, update_by, created_at, updated_at, deleted_at) values (60, 'Tools', '开发工具', 'dev-tools', '/dev-tools', '/0/60', 'M', '无', '', 0, 0, '', 'Layout', 40, '1', '1', 1, 1, '2020-04-11 15:52:48', '2022-02-11 15:23:36.784', null);
insert into mars.sys_menu (menu_id, menu_name, title, icon, path, paths, menu_type, action, permission, parent_id, no_cache, breadcrumb, component, sort, visible, is_frame, create_by, update_by, created_at, updated_at, deleted_at) values (61, 'Swagger', '系统接口', 'guide', '/dev-tools/swagger', '/0/60/61', 'C', '无', '', 60, 0, '', '/dev-tools/swagger/index', 1, '0', '1', 1, 1, '2020-04-11 15:52:48', '2021-06-05 22:15:03.465', null);
insert into mars.sys_menu (menu_id, menu_name, title, icon, path, paths, menu_type, action, permission, parent_id, no_cache, breadcrumb, component, sort, visible, is_frame, create_by, update_by, created_at, updated_at, deleted_at) values (62, 'SysConfigManage', '参数管理', 'swagger', '/admin/sys-config', '/0/2/62', 'C', '无', 'admin:sysConfig:list', 2, 0, '', '/admin/sys-config/index', 70, '0', '1', 0, 1, '2021-05-20 22:08:44.526', '2021-06-17 11:48:40.703', null);
insert into mars.sys_menu (menu_id, menu_name, title, icon, path, paths, menu_type, action, permission, parent_id, no_cache, breadcrumb, component, sort, visible, is_frame, create_by, update_by, created_at, updated_at, deleted_at) values (211, 'Log', '日志管理', 'log', '/log', '/0/2/211', 'M', '', '', 2, 0, '', '/log/index', 80, '1', '1', 0, 1, '2021-05-20 22:08:44.526', '2022-02-11 15:24:19.001', null);
insert into mars.sys_menu (menu_id, menu_name, title, icon, path, paths, menu_type, action, permission, parent_id, no_cache, breadcrumb, component, sort, visible, is_frame, create_by, update_by, created_at, updated_at, deleted_at) values (212, 'SysLoginLogManage', '登录日志', 'logininfor', '/admin/sys-login-log', '/0/2/211/212', 'C', '', 'admin:sysLoginLog:list', 211, 0, '', '/admin/sys-login-log/index', 1, '0', '1', 0, 1, '2021-05-20 22:08:44.526', '2021-06-17 11:48:40.703', null);
insert into mars.sys_menu (menu_id, menu_name, title, icon, path, paths, menu_type, action, permission, parent_id, no_cache, breadcrumb, component, sort, visible, is_frame, create_by, update_by, created_at, updated_at, deleted_at) values (216, 'OperLog', '操作日志', 'skill', '/admin/sys-oper-log', '/0/2/211/216', 'C', '', 'admin:sysOperLog:list', 211, 0, '', '/admin/sys-oper-log/index', 1, '0', '1', 0, 1, '2021-05-20 22:08:44.526', '2021-06-17 11:48:40.703', null);
insert into mars.sys_menu (menu_id, menu_name, title, icon, path, paths, menu_type, action, permission, parent_id, no_cache, breadcrumb, component, sort, visible, is_frame, create_by, update_by, created_at, updated_at, deleted_at) values (220, '', '新增菜单', 'app-group-fill', '', '/0/2/51/220', 'F', '', 'admin:sysMenu:add', 51, 0, '', '', 1, '0', '1', 1, 1, '2020-04-11 15:52:48', '2021-06-17 11:48:40.703', null);
insert into mars.sys_menu (menu_id, menu_name, title, icon, path, paths, menu_type, action, permission, parent_id, no_cache, breadcrumb, component, sort, visible, is_frame, create_by, update_by, created_at, updated_at, deleted_at) values (221, '', '修改菜单', 'app-group-fill', '', '/0/2/51/221', 'F', '', 'admin:sysMenu:edit', 51, 0, '', '', 1, '0', '1', 1, 1, '2020-04-11 15:52:48', '2021-06-17 11:48:40.703', null);
insert into mars.sys_menu (menu_id, menu_name, title, icon, path, paths, menu_type, action, permission, parent_id, no_cache, breadcrumb, component, sort, visible, is_frame, create_by, update_by, created_at, updated_at, deleted_at) values (222, '', '查询菜单', 'app-group-fill', '', '/0/2/51/222', 'F', '', 'admin:sysMenu:query', 51, 0, '', '', 1, '0', '1', 1, 1, '2020-04-11 15:52:48', '2021-06-17 11:48:40.703', null);
insert into mars.sys_menu (menu_id, menu_name, title, icon, path, paths, menu_type, action, permission, parent_id, no_cache, breadcrumb, component, sort, visible, is_frame, create_by, update_by, created_at, updated_at, deleted_at) values (223, '', '删除菜单', 'app-group-fill', '', '/0/2/51/223', 'F', '', 'admin:sysMenu:remove', 51, 0, '', '', 1, '0', '1', 1, 1, '2020-04-11 15:52:48', '2021-06-17 11:48:40.703', null);
insert into mars.sys_menu (menu_id, menu_name, title, icon, path, paths, menu_type, action, permission, parent_id, no_cache, breadcrumb, component, sort, visible, is_frame, create_by, update_by, created_at, updated_at, deleted_at) values (224, '', '新增角色', 'app-group-fill', '', '/0/2/52/224', 'F', '', 'admin:sysRole:add', 52, 0, '', '', 1, '0', '1', 1, 1, '2020-04-11 15:52:48', '2021-06-17 11:48:40.703', null);
insert into mars.sys_menu (menu_id, menu_name, title, icon, path, paths, menu_type, action, permission, parent_id, no_cache, breadcrumb, component, sort, visible, is_frame, create_by, update_by, created_at, updated_at, deleted_at) values (225, '', '查询角色', 'app-group-fill', '', '/0/2/52/225', 'F', '', 'admin:sysRole:query', 52, 0, '', '', 1, '0', '1', 1, 1, '2020-04-11 15:52:48', '2021-06-17 11:48:40.703', null);
insert into mars.sys_menu (menu_id, menu_name, title, icon, path, paths, menu_type, action, permission, parent_id, no_cache, breadcrumb, component, sort, visible, is_frame, create_by, update_by, created_at, updated_at, deleted_at) values (226, '', '修改角色', 'app-group-fill', '', '/0/2/52/226', 'F', '', 'admin:sysRole:update', 52, 0, '', '', 1, '0', '1', 1, 1, '2020-04-11 15:52:48', '2021-06-17 11:48:40.703', null);
insert into mars.sys_menu (menu_id, menu_name, title, icon, path, paths, menu_type, action, permission, parent_id, no_cache, breadcrumb, component, sort, visible, is_frame, create_by, update_by, created_at, updated_at, deleted_at) values (227, '', '删除角色', 'app-group-fill', '', '/0/2/52/227', 'F', '', 'admin:sysRole:remove', 52, 0, '', '', 1, '0', '1', 1, 1, '2020-04-11 15:52:48', '2021-06-17 11:48:40.703', null);
insert into mars.sys_menu (menu_id, menu_name, title, icon, path, paths, menu_type, action, permission, parent_id, no_cache, breadcrumb, component, sort, visible, is_frame, create_by, update_by, created_at, updated_at, deleted_at) values (228, '', '查询部门', 'app-group-fill', '', '/0/2/56/228', 'F', '', 'admin:sysDept:query', 56, 0, '', '', 40, '0', '1', 0, 1, '2021-05-20 22:08:44.526', '2021-06-17 11:48:40.703', null);
insert into mars.sys_menu (menu_id, menu_name, title, icon, path, paths, menu_type, action, permission, parent_id, no_cache, breadcrumb, component, sort, visible, is_frame, create_by, update_by, created_at, updated_at, deleted_at) values (229, '', '新增部门', 'app-group-fill', '', '/0/2/56/229', 'F', '', 'admin:sysDept:add', 56, 0, '', '', 10, '0', '1', 0, 1, '2021-05-20 22:08:44.526', '2021-06-17 11:48:40.703', null);
insert into mars.sys_menu (menu_id, menu_name, title, icon, path, paths, menu_type, action, permission, parent_id, no_cache, breadcrumb, component, sort, visible, is_frame, create_by, update_by, created_at, updated_at, deleted_at) values (230, '', '修改部门', 'app-group-fill', '', '/0/2/56/230', 'F', '', 'admin:sysDept:edit', 56, 0, '', '', 30, '0', '1', 0, 1, '2021-05-20 22:08:44.526', '2021-06-17 11:48:40.703', null);
insert into mars.sys_menu (menu_id, menu_name, title, icon, path, paths, menu_type, action, permission, parent_id, no_cache, breadcrumb, component, sort, visible, is_frame, create_by, update_by, created_at, updated_at, deleted_at) values (231, '', '删除部门', 'app-group-fill', '', '/0/2/56/231', 'F', '', 'admin:sysDept:remove', 56, 0, '', '', 20, '0', '1', 0, 1, '2021-05-20 22:08:44.526', '2021-06-17 11:48:40.703', null);
insert into mars.sys_menu (menu_id, menu_name, title, icon, path, paths, menu_type, action, permission, parent_id, no_cache, breadcrumb, component, sort, visible, is_frame, create_by, update_by, created_at, updated_at, deleted_at) values (232, '', '查询岗位', 'app-group-fill', '', '/0/2/57/232', 'F', '', 'admin:sysPost:query', 57, 0, '', '', 0, '0', '1', 1, 1, '2020-04-11 15:52:48', '2021-06-17 11:48:40.703', null);
insert into mars.sys_menu (menu_id, menu_name, title, icon, path, paths, menu_type, action, permission, parent_id, no_cache, breadcrumb, component, sort, visible, is_frame, create_by, update_by, created_at, updated_at, deleted_at) values (233, '', '新增岗位', 'app-group-fill', '', '/0/2/57/233', 'F', '', 'admin:sysPost:add', 57, 0, '', '', 0, '0', '1', 1, 1, '2020-04-11 15:52:48', '2021-06-17 11:48:40.703', null);
insert into mars.sys_menu (menu_id, menu_name, title, icon, path, paths, menu_type, action, permission, parent_id, no_cache, breadcrumb, component, sort, visible, is_frame, create_by, update_by, created_at, updated_at, deleted_at) values (234, '', '修改岗位', 'app-group-fill', '', '/0/2/57/234', 'F', '', 'admin:sysPost:edit', 57, 0, '', '', 0, '0', '1', 1, 1, '2020-04-11 15:52:48', '2021-06-17 11:48:40.703', null);
insert into mars.sys_menu (menu_id, menu_name, title, icon, path, paths, menu_type, action, permission, parent_id, no_cache, breadcrumb, component, sort, visible, is_frame, create_by, update_by, created_at, updated_at, deleted_at) values (235, '', '删除岗位', 'app-group-fill', '', '/0/2/57/235', 'F', '', 'admin:sysPost:remove', 57, 0, '', '', 0, '0', '1', 1, 1, '2020-04-11 15:52:48', '2021-06-17 11:48:40.703', null);
insert into mars.sys_menu (menu_id, menu_name, title, icon, path, paths, menu_type, action, permission, parent_id, no_cache, breadcrumb, component, sort, visible, is_frame, create_by, update_by, created_at, updated_at, deleted_at) values (236, '', '查询字典', 'app-group-fill', '', '/0/2/58/236', 'F', '', 'admin:sysDictType:query', 58, 0, '', '', 0, '0', '1', 1, 1, '2020-04-11 15:52:48', '2021-06-17 11:48:40.703', null);
insert into mars.sys_menu (menu_id, menu_name, title, icon, path, paths, menu_type, action, permission, parent_id, no_cache, breadcrumb, component, sort, visible, is_frame, create_by, update_by, created_at, updated_at, deleted_at) values (237, '', '新增类型', 'app-group-fill', '', '/0/2/58/237', 'F', '', 'admin:sysDictType:add', 58, 0, '', '', 0, '0', '1', 1, 1, '2020-04-11 15:52:48', '2021-06-17 11:48:40.703', null);
insert into mars.sys_menu (menu_id, menu_name, title, icon, path, paths, menu_type, action, permission, parent_id, no_cache, breadcrumb, component, sort, visible, is_frame, create_by, update_by, created_at, updated_at, deleted_at) values (238, '', '修改类型', 'app-group-fill', '', '/0/2/58/238', 'F', '', 'admin:sysDictType:edit', 58, 0, '', '', 0, '0', '1', 1, 1, '2020-04-11 15:52:48', '2021-06-17 11:48:40.703', null);
insert into mars.sys_menu (menu_id, menu_name, title, icon, path, paths, menu_type, action, permission, parent_id, no_cache, breadcrumb, component, sort, visible, is_frame, create_by, update_by, created_at, updated_at, deleted_at) values (239, '', '删除类型', 'app-group-fill', '', '/0/2/58/239', 'F', '', 'system:sysdicttype:remove', 58, 0, '', '', 0, '0', '1', 1, 1, '2020-04-11 15:52:48', '2021-06-17 11:48:40.703', null);
insert into mars.sys_menu (menu_id, menu_name, title, icon, path, paths, menu_type, action, permission, parent_id, no_cache, breadcrumb, component, sort, visible, is_frame, create_by, update_by, created_at, updated_at, deleted_at) values (240, '', '查询数据', 'app-group-fill', '', '/0/2/59/240', 'F', '', 'admin:sysDictData:query', 59, 0, '', '', 0, '0', '1', 1, 1, '2020-04-11 15:52:48', '2021-06-17 11:48:40.703', null);
insert into mars.sys_menu (menu_id, menu_name, title, icon, path, paths, menu_type, action, permission, parent_id, no_cache, breadcrumb, component, sort, visible, is_frame, create_by, update_by, created_at, updated_at, deleted_at) values (241, '', '新增数据', 'app-group-fill', '', '/0/2/59/241', 'F', '', 'admin:sysDictData:add', 59, 0, '', '', 0, '0', '1', 1, 1, '2020-04-11 15:52:48', '2021-06-17 11:48:40.703', null);
insert into mars.sys_menu (menu_id, menu_name, title, icon, path, paths, menu_type, action, permission, parent_id, no_cache, breadcrumb, component, sort, visible, is_frame, create_by, update_by, created_at, updated_at, deleted_at) values (242, '', '修改数据', 'app-group-fill', '', '/0/2/59/242', 'F', '', 'admin:sysDictData:edit', 59, 0, '', '', 0, '0', '1', 1, 1, '2020-04-11 15:52:48', '2021-06-17 11:48:40.703', null);
insert into mars.sys_menu (menu_id, menu_name, title, icon, path, paths, menu_type, action, permission, parent_id, no_cache, breadcrumb, component, sort, visible, is_frame, create_by, update_by, created_at, updated_at, deleted_at) values (243, '', '删除数据', 'app-group-fill', '', '/0/2/59/243', 'F', '', 'admin:sysDictData:remove', 59, 0, '', '', 0, '0', '1', 1, 1, '2020-04-11 15:52:48', '2021-06-17 11:48:40.703', null);
insert into mars.sys_menu (menu_id, menu_name, title, icon, path, paths, menu_type, action, permission, parent_id, no_cache, breadcrumb, component, sort, visible, is_frame, create_by, update_by, created_at, updated_at, deleted_at) values (244, '', '查询参数', 'app-group-fill', '', '/0/2/62/244', 'F', '', 'admin:sysConfig:query', 62, 0, '', '', 0, '0', '1', 1, 1, '2020-04-11 15:52:48', '2021-06-17 11:48:40.703', null);
insert into mars.sys_menu (menu_id, menu_name, title, icon, path, paths, menu_type, action, permission, parent_id, no_cache, breadcrumb, component, sort, visible, is_frame, create_by, update_by, created_at, updated_at, deleted_at) values (245, '', '新增参数', 'app-group-fill', '', '/0/2/62/245', 'F', '', 'admin:sysConfig:add', 62, 0, '', '', 0, '0', '1', 1, 1, '2020-04-11 15:52:48', '2021-06-17 11:48:40.703', null);
insert into mars.sys_menu (menu_id, menu_name, title, icon, path, paths, menu_type, action, permission, parent_id, no_cache, breadcrumb, component, sort, visible, is_frame, create_by, update_by, created_at, updated_at, deleted_at) values (246, '', '修改参数', 'app-group-fill', '', '/0/2/62/246', 'F', '', 'admin:sysConfig:edit', 62, 0, '', '', 0, '0', '1', 1, 1, '2020-04-11 15:52:48', '2021-06-17 11:48:40.703', null);
insert into mars.sys_menu (menu_id, menu_name, title, icon, path, paths, menu_type, action, permission, parent_id, no_cache, breadcrumb, component, sort, visible, is_frame, create_by, update_by, created_at, updated_at, deleted_at) values (247, '', '删除参数', 'app-group-fill', '', '/0/2/62/247', 'F', '', 'admin:sysConfig:remove', 62, 0, '', '', 0, '0', '1', 1, 1, '2020-04-11 15:52:48', '2021-06-17 11:48:40.703', null);
insert into mars.sys_menu (menu_id, menu_name, title, icon, path, paths, menu_type, action, permission, parent_id, no_cache, breadcrumb, component, sort, visible, is_frame, create_by, update_by, created_at, updated_at, deleted_at) values (248, '', '查询登录日志', 'app-group-fill', '', '/0/2/211/212/248', 'F', '', 'admin:sysLoginLog:query', 212, 0, '', '', 0, '0', '1', 1, 1, '2020-04-11 15:52:48', '2021-06-17 11:48:40.703', null);
insert into mars.sys_menu (menu_id, menu_name, title, icon, path, paths, menu_type, action, permission, parent_id, no_cache, breadcrumb, component, sort, visible, is_frame, create_by, update_by, created_at, updated_at, deleted_at) values (249, '', '删除登录日志', 'app-group-fill', '', '/0/2/211/212/249', 'F', '', 'admin:sysLoginLog:remove', 212, 0, '', '', 0, '0', '1', 1, 1, '2020-04-11 15:52:48', '2021-06-17 11:48:40.703', null);
insert into mars.sys_menu (menu_id, menu_name, title, icon, path, paths, menu_type, action, permission, parent_id, no_cache, breadcrumb, component, sort, visible, is_frame, create_by, update_by, created_at, updated_at, deleted_at) values (250, '', '查询操作日志', 'app-group-fill', '', '/0/2/211/216/250', 'F', '', 'admin:sysOperLog:query', 216, 0, '', '', 0, '0', '1', 1, 1, '2020-04-11 15:52:48', '2021-06-17 11:48:40.703', null);
insert into mars.sys_menu (menu_id, menu_name, title, icon, path, paths, menu_type, action, permission, parent_id, no_cache, breadcrumb, component, sort, visible, is_frame, create_by, update_by, created_at, updated_at, deleted_at) values (251, '', '删除操作日志', 'app-group-fill', '', '/0/2/211/216/251', 'F', '', 'admin:sysOperLog:remove', 216, 0, '', '', 0, '0', '1', 1, 1, '2020-04-11 15:52:48', '2021-06-17 11:48:40.703', null);
insert into mars.sys_menu (menu_id, menu_name, title, icon, path, paths, menu_type, action, permission, parent_id, no_cache, breadcrumb, component, sort, visible, is_frame, create_by, update_by, created_at, updated_at, deleted_at) values (261, 'Gen', '代码生成', 'code', '/dev-tools/gen', '/0/60/261', 'C', '', '', 60, 0, '', '/dev-tools/gen/index', 2, '0', '1', 1, 1, '2020-04-11 15:52:48', '2021-06-16 21:26:12.446', null);
insert into mars.sys_menu (menu_id, menu_name, title, icon, path, paths, menu_type, action, permission, parent_id, no_cache, breadcrumb, component, sort, visible, is_frame, create_by, update_by, created_at, updated_at, deleted_at) values (262, 'EditTable', '代码生成修改', 'build', '/dev-tools/editTable', '/0/60/262', 'C', '', '', 60, 0, '', '/dev-tools/gen/editTable', 100, '1', '1', 1, 1, '2020-04-11 15:52:48', '2021-06-16 21:26:12.446', null);
insert into mars.sys_menu (menu_id, menu_name, title, icon, path, paths, menu_type, action, permission, parent_id, no_cache, breadcrumb, component, sort, visible, is_frame, create_by, update_by, created_at, updated_at, deleted_at) values (264, 'Build', '表单构建', 'build', '/dev-tools/build', '/0/60/264', 'C', '', '', 60, 0, '', '/dev-tools/build/index', 1, '0', '1', 1, 1, '2020-04-11 15:52:48', '2021-06-16 21:26:12.446', null);
insert into mars.sys_menu (menu_id, menu_name, title, icon, path, paths, menu_type, action, permission, parent_id, no_cache, breadcrumb, component, sort, visible, is_frame, create_by, update_by, created_at, updated_at, deleted_at) values (269, 'ServerMonitor', '服务监控', 'druid', '/sys-tools/monitor', '/0/60/269', 'C', '', 'sysTools:serverMonitor:list', 537, 0, '', '/sys-tools/monitor', 0, '0', '1', 1, 1, '2020-04-14 00:28:19', '2021-06-16 21:26:12.446', null);
insert into mars.sys_menu (menu_id, menu_name, title, icon, path, paths, menu_type, action, permission, parent_id, no_cache, breadcrumb, component, sort, visible, is_frame, create_by, update_by, created_at, updated_at, deleted_at) values (459, 'Schedule', '定时任务', 'time-range', '/schedule', '/0/459', 'M', '无', '', 0, 0, '', 'Layout', 20, '0', '1', 1, 1, '2020-08-03 09:17:37', '2021-06-05 22:15:03.465', null);
insert into mars.sys_menu (menu_id, menu_name, title, icon, path, paths, menu_type, action, permission, parent_id, no_cache, breadcrumb, component, sort, visible, is_frame, create_by, update_by, created_at, updated_at, deleted_at) values (460, 'ScheduleManage', 'Schedule', 'job', '/schedule/manage', '/0/459/460', 'C', '无', 'job:sysJob:list', 459, 0, '', '/schedule/index', 0, '0', '1', 1, 1, '2020-08-03 09:17:37', '2021-06-05 22:15:03.465', null);
insert into mars.sys_menu (menu_id, menu_name, title, icon, path, paths, menu_type, action, permission, parent_id, no_cache, breadcrumb, component, sort, visible, is_frame, create_by, update_by, created_at, updated_at, deleted_at) values (461, 'sys_job', '分页获取定时任务', 'app-group-fill', '', '/0/459/460/461', 'F', '无', 'job:sysJob:query', 460, 0, '', '', 0, '0', '1', 1, 1, '2020-08-03 09:17:37', '2021-06-05 22:15:03.465', null);
insert into mars.sys_menu (menu_id, menu_name, title, icon, path, paths, menu_type, action, permission, parent_id, no_cache, breadcrumb, component, sort, visible, is_frame, create_by, update_by, created_at, updated_at, deleted_at) values (462, 'sys_job', '创建定时任务', 'app-group-fill', '', '/0/459/460/462', 'F', '无', 'job:sysJob:add', 460, 0, '', '', 0, '0', '1', 1, 1, '2020-08-03 09:17:37', '2021-06-05 22:15:03.465', null);
insert into mars.sys_menu (menu_id, menu_name, title, icon, path, paths, menu_type, action, permission, parent_id, no_cache, breadcrumb, component, sort, visible, is_frame, create_by, update_by, created_at, updated_at, deleted_at) values (463, 'sys_job', '修改定时任务', 'app-group-fill', '', '/0/459/460/463', 'F', '无', 'job:sysJob:edit', 460, 0, '', '', 0, '0', '1', 1, 1, '2020-08-03 09:17:37', '2021-06-05 22:15:03.465', null);
insert into mars.sys_menu (menu_id, menu_name, title, icon, path, paths, menu_type, action, permission, parent_id, no_cache, breadcrumb, component, sort, visible, is_frame, create_by, update_by, created_at, updated_at, deleted_at) values (464, 'sys_job', '删除定时任务', 'app-group-fill', '', '/0/459/460/464', 'F', '无', 'job:sysJob:remove', 460, 0, '', '', 0, '0', '1', 1, 1, '2020-08-03 09:17:37', '2021-06-05 22:15:03.465', null);
insert into mars.sys_menu (menu_id, menu_name, title, icon, path, paths, menu_type, action, permission, parent_id, no_cache, breadcrumb, component, sort, visible, is_frame, create_by, update_by, created_at, updated_at, deleted_at) values (471, 'JobLog', '日志', 'bug', '/schedule/log', '/0/459/471', 'C', '', '', 459, 0, '', '/schedule/log', 0, '1', '1', 1, 1, '2020-08-05 21:24:46', '2021-06-05 22:15:03.465', null);
insert into mars.sys_menu (menu_id, menu_name, title, icon, path, paths, menu_type, action, permission, parent_id, no_cache, breadcrumb, component, sort, visible, is_frame, create_by, update_by, created_at, updated_at, deleted_at) values (528, 'SysApiManage', '接口管理', 'api-doc', '/admin/sys-api', '/0/527/528', 'C', '无', 'admin:sysApi:list', 2, 0, '', '/admin/sys-api/index', 0, '0', '0', 0, 1, '2021-05-20 22:08:44.526', '2021-06-17 11:48:40.703', '2022-02-11 15:23:17.885');
insert into mars.sys_menu (menu_id, menu_name, title, icon, path, paths, menu_type, action, permission, parent_id, no_cache, breadcrumb, component, sort, visible, is_frame, create_by, update_by, created_at, updated_at, deleted_at) values (529, '', '查询接口', 'app-group-fill', '', '/0/527/528/529', 'F', '无', 'admin:sysApi:query', 528, 0, '', '', 40, '0', '0', 0, 1, '2021-05-20 22:08:44.526', '2021-06-17 11:48:40.703', null);
insert into mars.sys_menu (menu_id, menu_name, title, icon, path, paths, menu_type, action, permission, parent_id, no_cache, breadcrumb, component, sort, visible, is_frame, create_by, update_by, created_at, updated_at, deleted_at) values (531, '', '修改接口', 'app-group-fill', '', '/0/527/528/531', 'F', '无', 'admin:sysApi:edit', 528, 0, '', '', 30, '0', '0', 0, 1, '2021-05-20 22:08:44.526', '2021-06-17 11:48:40.703', null);
insert into mars.sys_menu (menu_id, menu_name, title, icon, path, paths, menu_type, action, permission, parent_id, no_cache, breadcrumb, component, sort, visible, is_frame, create_by, update_by, created_at, updated_at, deleted_at) values (537, 'SysTools', '系统工具', 'system-tools', '/sys-tools', '', 'M', '', '', 0, 0, '', 'Layout', 30, '1', '1', 1, 1, '2021-05-21 11:13:32.166', '2022-02-11 15:23:53.889', null);
insert into mars.sys_menu (menu_id, menu_name, title, icon, path, paths, menu_type, action, permission, parent_id, no_cache, breadcrumb, component, sort, visible, is_frame, create_by, update_by, created_at, updated_at, deleted_at) values (540, 'SysConfigSet', '参数设置', 'system-tools', '/admin/sys-config/set', '', 'C', '', 'admin:sysConfigSet:list', 2, 0, '', '/admin/sys-config/set', 0, '0', '1', 1, 1, '2021-05-25 16:06:52.560', '2021-06-17 11:48:40.703', null);
insert into mars.sys_menu (menu_id, menu_name, title, icon, path, paths, menu_type, action, permission, parent_id, no_cache, breadcrumb, component, sort, visible, is_frame, create_by, update_by, created_at, updated_at, deleted_at) values (542, '', '修改', 'upload', '', '', 'F', '', 'admin:sysConfigSet:update', 540, 0, '', '', 0, '0', '1', 1, 1, '2021-06-13 11:45:48.670', '2021-06-17 11:48:40.703', null);
insert into mars.sys_menu (menu_id, menu_name, title, icon, path, paths, menu_type, action, permission, parent_id, no_cache, breadcrumb, component, sort, visible, is_frame, create_by, update_by, created_at, updated_at, deleted_at) values (543, 'Cloud', '云平台', 'api-doc', '/cloud', '', 'M', '', '', 0, 0, '', 'Layout', 0, '0', '1', 1, 0, '2022-02-11 15:14:20.006', '2022-02-11 15:14:20.006', null);
insert into mars.sys_menu (menu_id, menu_name, title, icon, path, paths, menu_type, action, permission, parent_id, no_cache, breadcrumb, component, sort, visible, is_frame, create_by, update_by, created_at, updated_at, deleted_at) values (544, 'CloudDomain', '云主机', 'app-group-fill', '/cloud/domain/index', '', 'C', '', '', 543, 0, '', '/cloud/domain', 0, '0', '1', 1, 1, '2022-02-11 15:18:23.242', '2022-02-11 15:22:41.126', null);
insert into mars.sys_post (post_id, post_name, post_code, sort, status, remark, create_by, update_by, created_at, updated_at, deleted_at) values (1, '首席执行官', 'CEO', 1, 2, '首席执行官', 1, 1, '2021-05-13 19:56:37.913', '2022-02-11 15:02:59.088', null);
insert into mars.sys_post (post_id, post_name, post_code, sort, status, remark, create_by, update_by, created_at, updated_at, deleted_at) values (2, '首席技术执行官', 'CTO', 2, 2, '首席技术执行官', 1, 1, '2021-05-13 19:56:37.913', '2021-05-13 19:56:37.913', null);
insert into mars.sys_post (post_id, post_name, post_code, sort, status, remark, create_by, update_by, created_at, updated_at, deleted_at) values (3, '首席运营官', 'COO', 3, 2, '测试工程师', 1, 1, '2021-05-13 19:56:37.913', '2021-05-13 19:56:37.913', '2022-01-21 17:44:13.030');
insert into mars.sys_role (role_id, role_name, status, role_key, role_sort, flag, remark, admin, data_scope, create_by, update_by, created_at, updated_at, deleted_at) values (1, '系统管理员', '2', 'admin', 1, '', '', 1, '', 1, 1, '2021-05-13 19:56:37.913', '2021-05-13 19:56:37.913', null);
insert into mars.sys_user (user_id, username, password, nick_name, phone, role_id, salt, avatar, sex, email, dept_id, post_id, remark, status, create_by, update_by, created_at, updated_at, deleted_at) values (1, 'admin', '$2a$10$/Glr4g9Svr6O0kvjsRJCXu3f0W8/dsP3XZyVNi1019ratWpSPMyw.', 'zhangwj', '13818888888', 1, '', '', '1', '1@qq.com', 1, 1, '', '2', 1, 1, '2021-05-13 19:56:37.914', '2022-01-21 11:29:53.796', null);
insert into mars.sys_user (user_id, username, password, nick_name, phone, role_id, salt, avatar, sex, email, dept_id, post_id, remark, status, create_by, update_by, created_at, updated_at, deleted_at) values (2, 'admin111', '$2a$10$sMlgCiJdPIOBGajao5wwuujwqhdLF3ySsl0nTMIvIAVFStG/ZxPzW', '李四', '15386182102', 1, '', 'http://asdasdwda.com', '1', '', 1, 1, '我的测试用户', '2', 1, 1, '2022-01-20 10:20:08.910', '2022-02-11 15:04:59.510', null);
